title,subtitle,authors,isbn,publisher,publication_year,language,page_count,description,genre,tags,shelf,purchase_date,purchase_price
1984,A Novel,George Orwell,9780451524935,Signet Classic,1949,English,328,A dystopian novel depicting totalitarian regime and omnipresent government surveillance.,Classics,dystopian;political;classic;favorite,Shelf A1,2023-01-15,9.99
Animal Farm,A Fairy Story,George Orwell,9780451526342,Signet Classic,1945,English,144,An allegorical novella reflecting events leading up to the Russian Revolution.,Classics,satire;political;classic,Shelf A1,2023-01-15,7.99
To Kill a Mockingbird,,Harper Lee,9780061120084,Harper Perennial,1960,English,336,A powerful story of racial injustice and the destruction of innocence in the American South.,Classics,classic;literature;must-read,Shelf A1,2023-01-15,14.99
The Great Gatsby,,F. Scott Fitzgerald,9780743273565,Scribner,1925,English,180,A portrait of the Jazz Age and the tragedy of Jay Gatsby's pursuit of Daisy Buchanan.,Classics,classic;american;drama,Shelf A1,2023-01-15,10.50
Pride and Prejudice,,Jane Austen,9780141439518,Penguin Classics,1813,English,480,"A romantic novel of manners following Elizabeth Bennet as she deals with manners, marriage, and morality.",Romance,classic;romance;british,Shelf A2,2023-01-15,8.95
Crime and Punishment,,Fyodor Dostoevsky,9780140449136,Penguin Classics,1866,English,671,The mental anguish and moral dilemmas of Rodion Raskolnikov after murdering an unscrupulous pawnbroker.,Philosophy,russian;psychological;masterpiece,Shelf A2,2023-01-15,15.00
The Brothers Karamazov,,Fyodor Dostoevsky,9780374528379,"Farrar, Straus and Giroux",1880,English,796,"A passionate philosophical novel exploring debates of God, free will, and morality in 19th-century Russia.",Philosophy,russian;classic;epic,Shelf A2,2023-01-15,18.00
The Catcher in the Rye,,J.D. Salinger,9780316769488,"Little, Brown",1951,English,277,Holden Caulfield narrates two days in New York City after being expelled from his prep school.,Classics,coming-of-age;classic;favorite,Shelf A3,2023-01-15,11.20
One Hundred Years of Solitude,,Gabriel García Márquez,9780060883287,Harper Perennial,1967,English,417,The multi-generational story of the Buendía family whose patriarch founds the town of Macondo.,Fiction,magical-realism;nobel;classic,Shelf A3,2023-01-15,16.99
Brave New World,,Aldous Huxley,9780060850524,Harper Perennial,1932,English,288,A visionary future where genetic engineering and psychological conditioning create a deceptive utopia.,Sci-Fi,dystopian;classic;sci-fi,Shelf A3,2023-01-15,13.50
Fahrenheit 451,,Ray Bradbury,9781451673319,Simon & Schuster,1953,English,249,A future society where books are outlawed and firemen burn any that are found.,Sci-Fi,dystopian;classic;censorship,Shelf A3,2023-01-15,12.00
The Count of Monte Cristo,,Alexandre Dumas,9780140449266,Penguin Classics,1844,English,1276,"Edmond Dantès is wrongfully imprisoned, escapes from Chateau d'If, and seeks vengeance with vast wealth.",Adventure,classic;revenge;epic;adventure,Shelf A4,2023-01-15,22.50
Les Misérables,,Victor Hugo,9780451419439,Signet Classics,1862,English,1463,The struggles of ex-convict Jean Valjean and his experience of redemption and pursuit by Inspector Javert.,Classics,classic;french;epic;redemption,Shelf A4,2023-01-15,19.99
The Stranger,,Albert Camus,9780679720201,Vintage,1942,English,123,"Meursault is drawn into a murder on an Algerian beach, embodying Camus's philosophy of absurdism.",Philosophy,absurdism;existentialism;nobel,Shelf A4,2023-01-15,11.00
The Metamorphosis,,Franz Kafka,9780553213690,Bantam Classics,1915,English,208,Gregor Samsa wakes up one morning transformed into a monstrous insect.,Fiction,kafkaesque;classic;existential,Shelf A4,2023-01-15,6.95
Frankenstein,The Modern Prometheus,Mary Shelley,9780141439471,Penguin Classics,1818,English,280,Victor Frankenstein creates a sapient creature in an unorthodox scientific experiment.,Sci-Fi,gothic;horror;classic,Shelf A5,2023-01-15,8.00
Dracula,,Bram Stoker,9780141439846,Penguin Classics,1897,English,488,Count Dracula's attempt to move from Transylvania to England to spread the undead curse.,Horror,gothic;vampire;classic,Shelf A5,2023-01-15,9.50
The Picture of Dorian Gray,,Oscar Wilde,9780141439570,Penguin Classics,1890,English,254,Dorian Gray remains eternally young while his portrait ages and records his moral degradation.,Classics,gothic;philosophical;classic,Shelf A5,2023-01-15,8.99
Moby-Dick,The Whale,Herman Melville,9780142437247,Penguin Classics,1851,English,654,"The obsessive quest of Captain Ahab for revenge against Moby Dick, the giant white sperm whale.",Classics,adventure;classic;sea,Shelf A5,2023-01-15,12.50
War and Peace,,Leo Tolstoy,9781400079988,Vintage,1869,English,1225,An epic chronicle of Russian society during the Napoleonic Era across five aristocratic families.,History,russian;epic;masterpiece,Shelf A6,2023-01-15,24.00
Anna Karenina,,Leo Tolstoy,9780143035008,Penguin Classics,1877,English,864,The tragic love affair between Anna Karenina and Count Vronsky against Imperial Russian high society.,Romance,russian;romance;classic,Shelf A6,2023-01-15,16.00
The Old Man and the Sea,,Ernest Hemingway,9780684801223,Scribner,1952,English,128,An aging Cuban fisherman struggles with a giant marlin far out in the Gulf Stream.,Fiction,nobel;pulitzer;classic,Shelf A6,2023-01-15,9.99
For Whom the Bell Tolls,,Ernest Hemingway,9780684803357,Scribner,1940,English,471,Robert Jordan joins an antifascist guerrilla unit in the mountains during the Spanish Civil War.,Fiction,war;drama;classic,Shelf A6,2023-01-15,14.50
Slaughterhouse-Five,The Children's Crusade,Kurt Vonnegut,9780385333849,Dial Press,1969,English,275,"Billy Pilgrim experiences his life out of order, including the firebombing of Dresden and abduction by aliens.",Sci-Fi,anti-war;satire;postmodern,Shelf A7,2023-01-15,13.00
Catch-22,,Joseph Heller,9781451626650,Simon & Schuster,1961,English,453,Captain John Yossarian tries desperately to stay alive during World War II amidst bureaucratic absurdity.,Fiction,satire;war;classic,Shelf A7,2023-01-15,15.00
Lord of the Flies,,William Golding,9780399501487,Penguin,1954,English,224,A group of British boys stranded on an uninhabited island descend into savagery.,Classics,allegory;classic;dark,Shelf A7,2023-01-15,10.00
Jane Eyre,,Charlotte Brontë,9780141441146,Penguin Classics,1847,English,532,An orphaned governess falls in love with the brooding Edward Rochester of Thornfield Hall.,Romance,gothic;romance;victorian,Shelf A7,2023-01-15,9.00
Wuthering Heights,,Emily Brontë,9780141439556,Penguin Classics,1847,English,416,The passionate and destructive love between Heathcliff and Catherine Earnshaw on the Yorkshire moors.,Romance,gothic;romance;classic,Shelf A8,2023-01-15,8.50
Don Quixote,,Miguel de Cervantes,9780060934347,Harper Perennial,1605,English,992,An idealistic noble sets out with his loyal squire Sancho Panza to revive chivalry.,Classics,spanish;satire;epic,Shelf A8,2023-01-15,17.00
The Odyssey,,Homer,9780140268867,Penguin Classics,-700,English,541,The ten-year journey of Odysseus returning home to Ithaca after the fall of Troy.,Mythology,greek;epic;ancient,Shelf A8,2023-01-15,14.00
The Iliad,,Homer,9780140275360,Penguin Classics,-750,English,683,The epic poem recounting the wrath of Achilles during the final weeks of the Trojan War.,Mythology,greek;epic;poetry,Shelf A8,2023-01-15,14.50
Great Expectations,,Charles Dickens,9780141439563,Penguin Classics,1861,English,544,The growth and personal development of an orphan nicknamed Pip in Victorian England.,Classics,dickens;victorian;classic,Shelf A9,2023-01-15,10.00
A Tale of Two Cities,,Charles Dickens,9780141439600,Penguin Classics,1859,English,489,"Set in London and Paris before and during the French Revolution, contrasting life and upheaval.",History,dickens;historical;french-revolution,Shelf A9,2023-01-15,9.50
Dune,,Frank Herbert,9780441172719,Ace,1965,English,896,Paul Atreides navigates the desert planet Arrakis and leads a rebellion for spice control.,Sci-Fi,epic-scifi;space-opera;favorite;masterpiece,Shelf B1,2023-01-15,18.00
Dune Messiah,,Frank Herbert,9780441172696,Ace,1969,English,336,The tragic sequel exploring the consequences of Paul Atreides' religious empire.,Sci-Fi,space-opera;sequel,Shelf B1,2023-01-15,10.99
The Hobbit,There and Back Again,J.R.R. Tolkien,9780547928227,Houghton Mifflin Harcourt,1937,English,310,Bilbo Baggins journeys with thirteen dwarves and Gandalf to reclaim the Lonely Mountain.,Fantasy,middle-earth;classic;adventure;favorite,Shelf B1,2023-01-15,14.99
The Fellowship of the Ring,The Lord of the Rings: Part 1,J.R.R. Tolkien,9780547928210,Houghton Mifflin Harcourt,1954,English,432,Frodo Baggins begins the quest to destroy the One Ring in the fires of Mount Doom.,Fantasy,middle-earth;high-fantasy;epic,Shelf B1,2023-01-15,16.00
The Two Towers,The Lord of the Rings: Part 2,J.R.R. Tolkien,9780547928203,Houghton Mifflin Harcourt,1954,English,352,The fellowship is broken as war sweeps Rohan and Frodo travels toward Mordor with Gollum.,Fantasy,middle-earth;high-fantasy,Shelf B2,2023-01-15,16.00
The Return of the King,The Lord of the Rings: Part 3,J.R.R. Tolkien,9780547928197,Houghton Mifflin Harcourt,1955,English,464,The climax of the War of the Ring and the final confrontation at Mount Doom.,Fantasy,middle-earth;high-fantasy;masterpiece,Shelf B2,2023-01-15,16.00
Foundation,,Isaac Asimov,9780553293357,Spectra,1951,English,255,Hari Seldon uses psychohistory to preserve human knowledge across the fall of the Galactic Empire.,Sci-Fi,space-opera;classic-scifi;favorite,Shelf B2,2023-01-15,8.99
Foundation and Empire,,Isaac Asimov,9780553293371,Spectra,1952,English,256,"The Foundation confronts a dying Galactic Empire and the mysterious mutant conqueror, The Mule.",Sci-Fi,space-opera;scifi,Shelf B2,2023-01-15,8.99
Neuromancer,Sprawl Trilogy Book 1,William Gibson,9780441569595,Ace,1984,English,271,The seminal cyberpunk novel following washed-up console cowboy Case on a dangerous hacking mission.,Sci-Fi,cyberpunk;ai;hacker;classic,Shelf B3,2023-01-15,10.00
Snow Crash,,Neal Stephenson,9780553380958,Del Rey,1992,English,480,Hiro Protagonist navigates virtual metaverse reality and a linguistic computer virus.,Sci-Fi,cyberpunk;metaverse;action,Shelf B3,2023-01-15,16.00
Hyperion,The Hyperion Cantos,Dan Simmons,9780553283686,Spectra,1989,English,482,Seven pilgrims travel to the enigmatic world of Hyperion on the eve of galactic war.,Sci-Fi,space-opera;hugo-winner;epic,Shelf B3,2023-01-15,11.00
Ender's Game,,Orson Scott Card,9780812550702,Tor Books,1985,English,324,Child prodigy Ender Wiggin trains in Battle School to defend Earth against an alien invasion.,Sci-Fi,military-scifi;hugo-winner;classic,Shelf B3,2023-01-15,9.99
The Hitchhiker's Guide to the Galaxy,,Douglas Adams,9780345391803,Del Rey,1979,English,224,Arthur Dent escapes Earth's demolition and embarks on hilarious cosmic adventures.,Sci-Fi,comedy;scifi;favorite,Shelf B4,2023-01-15,8.99
The Three-Body Problem,Remembrance of Earth's Past Book 1,Cixin Liu;Ken Liu,9780765382030,Tor Books,2014,English,400,China's Cultural Revolution sets off first contact with a trisolarian alien civilization.,Sci-Fi,hard-scifi;hugo-winner;physics,Shelf B4,2023-01-15,17.99
The Dark Forest,Remembrance of Earth's Past Book 2,Cixin Liu;Joel Martinsen,9780765386694,Tor Books,2015,English,512,Luo Ji discovers the cosmic sociology theory of the Dark Forest while defending Earth.,Sci-Fi,hard-scifi;cosmic;epic,Shelf B4,2023-01-15,18.99
Project Hail Mary,,Andy Weir,9780593135204,Ballantine Books,2021,English,496,Ryland Grace is the lone survivor on a desperate space mission to save humanity from an extinction event.,Sci-Fi,hard-scifi;space;page-turner;favorite,Shelf B4,2023-01-15,28.00
The Martian,,Andy Weir,9780553418026,Broadway Books,2014,English,384,Astronaut Mark Watney is stranded on Mars and must use his scientific wits to survive.,Sci-Fi,hard-scifi;survival;humor,Shelf B5,2023-01-15,15.00
Children of Time,,Adrian Tchaikovsky,9780316452502,Orbit,2015,English,608,The remnants of humanity arrive at a terraformed world uplifted by a spider civilization.,Sci-Fi,evolution;space-opera;arthur-clarke-award,Shelf B5,2023-01-15,17.00
A Game of Thrones,A Song of Ice and Fire Book 1,George R.R. Martin,9780553593716,Bantam,1996,English,835,Noble houses vie for control of the Iron Throne of Westeros while an ancient threat stirs in the north.,Fantasy,epic-fantasy;grimdark;politics,Shelf B5,2023-01-15,10.99
The Way of Kings,The Stormlight Archive Book 1,Brandon Sanderson,9780765365279,Tor Books,2010,English,1007,"On the storm-ravaged world of Roshar, Kaladin, Shallan, and Dalinar struggle amid perpetual warfare.",Fantasy,epic-fantasy;cosmere;favorite,Shelf B6,2023-01-15,11.99
Mistborn: The Final Empire,Mistborn Book 1,Brandon Sanderson,9780765350381,Tor Books,2006,English,672,Vin and Kelsier plot a heist to overthrow the immortal Lord Ruler using allomancy.,Fantasy,magic-system;cosmere;heist,Shelf B6,2023-01-15,9.99
The Name of the Wind,The Kingkiller Chronicle: Day One,Patrick Rothfuss,9780756404741,DAW,2007,English,662,"Kvothe recounts his youth, his time at the University, and the tragic events of his legend.",Fantasy,magic;music;storytelling,Shelf B6,2023-01-15,10.99
Do Androids Dream of Electric Sheep?,,Philip K. Dick,9780345404473,Del Rey,1968,English,244,Bounty hunter Rick Deckard stalks rogue Nexus-6 androids through post-apocalyptic San Francisco.,Sci-Fi,cyberpunk;blade-runner;existential,Shelf B7,2023-01-15,15.95
Designing Data-Intensive Applications,"The Big Ideas Behind Reliable, Scalable, and Maintainable Systems",Martin Kleppmann,9781449373320,O'Reilly Media,2017,English,616,"An indispensable deep dive into storage engines, distributed consensus, transactions, and stream processing.",Technology,distributed-systems;databases;architecture;must-read,Office Shelf 1,2023-01-15,49.99
Clean Code,A Handbook of Agile Software Craftsmanship,Robert C. Martin,9780132350884,Prentice Hall,2008,English,464,"Best practices for writing readable, maintainable, and elegant software code.",Technology,programming;software-engineering;best-practices,Office Shelf 1,2023-01-15,42.00
The Pragmatic Programmer,"Your Journey To Mastery, 20th Anniversary Edition",David Thomas;Andrew Hunt,9780135957059,Addison-Wesley Professional,2019,English,352,"Timeless wisdom on software development craftsmanship, debugging, tooling, and career growth.",Technology,programming;career;craftsmanship;favorite,Office Shelf 1,2023-01-15,45.00
Refactoring,Improving the Design of Existing Code,Martin Fowler,9780134757599,Addison-Wesley Professional,2018,English,448,Systematic guide and catalog of refactoring techniques to transform poorly structured code safely.,Technology,refactoring;clean-code;software-design,Office Shelf 1,2023-01-15,47.50
Clean Architecture,A Craftsman's Guide to Software Structure and Design,Robert C. Martin,9780134494166,Prentice Hall,2017,English,432,"Universal rules of software architecture to create independent, testable systems.",Technology,architecture;domain-driven;backend,Office Shelf 2,2023-01-15,38.00
Introduction to Algorithms,Fourth Edition,Thomas H. Cormen;Charles E. Leiserson;Ronald L. Rivest;Clifford Stein,9780262046305,MIT Press,2022,English,1312,The definitive comprehensive reference on algorithms and data structures.,Technology,algorithms;computer-science;reference,Office Shelf 2,2023-01-15,95.00
Structure and Interpretation of Computer Programs,,Harold Abelson;Gerald Jay Sussman;Julie Sussman,9780262510875,MIT Press,1996,English,657,"Foundational text on computation, abstraction, and functional programming using Scheme.",Technology,computer-science;lisp;theory,Office Shelf 2,2023-01-15,60.00
Database Internals,A Deep Dive into How Distributed Data Systems Work,Alex Petrov,9781492040347,O'Reilly Media,2019,English,372,"Explains B-trees, LSM trees, consensus algorithms, replication, and distributed storage engines.",Technology,databases;distributed-systems;storage,Office Shelf 2,2023-01-15,44.99
Building Microservices,Designing Fine-Grained Systems,Sam Newman,9781492034025,O'Reilly Media,2021,English,612,"Comprehensive guide to microservices architecture, modeling, communication, and deployments.",Technology,microservices;cloud;backend,Office Shelf 3,2023-01-15,52.00
Fluent Python,"Clear, Concise, and Effective Programming",Luciano Ramalho,9781491946008,O'Reilly Media,2015,English,792,"Master idiomatic Python 3 features including generators, coroutines, descriptors, and metaprogramming.",Technology,python;programming;advanced,Office Shelf 3,2023-01-15,50.00
Grokking Algorithms,An illustrated guide for programmers and other curious people,Aditya Bhargava,9781617292231,Manning Publications,2016,English,256,"A visual, approachable guide to fundamental algorithms like binary search, graphs, and dynamic programming.",Technology,algorithms;visual;beginners,Office Shelf 3,2023-01-15,35.00
The Rust Programming Language,2nd Edition,Steve Klabnik;Carol Nichols,9781718503106,No Starch Press,2022,English,560,"The official book on Rust: memory safety without garbage collection, concurrency, and ownership.",Technology,rust;systems;programming,Office Shelf 3,2023-01-15,40.00
Site Reliability Engineering,How Google Runs Production Systems,Betsy Beyer;Chris Jones;Jennifer Petoff;Niall Richard Murphy,9781491929124,O'Reilly Media,2016,English,550,"Google's landmark principles and practices for managing large-scale, highly reliable production systems.",Technology,devops;sre;google;cloud,Office Shelf 4,2023-01-15,46.00
The Phoenix Project,"A Novel About IT, DevOps, and Helping Your Business Win",Gene Kim;Kevin Behr;George Spafford,9780988262591,IT Revolution Press,2013,English,345,"A compelling novel illustrating DevOps, flow, feedback loops, and IT management in a manufacturing firm.",Technology,devops;novel;management,Office Shelf 4,2023-01-15,19.95
Atomic Habits,An Easy & Proven Way to Build Good Habits & Break Bad Ones,James Clear,9780735211292,Avery,2018,English,320,A practical framework for habit formation and self-improvement through tiny 1% daily increments.,Self-Help,habits;productivity;psychology;favorite,Shelf C1,2023-01-15,18.00
"Thinking, Fast and Slow",,Daniel Kahneman,9780374533557,"Farrar, Straus and Giroux",2011,English,499,Nobel laureate Daniel Kahneman explains the two cognitive systems that drive human thinking and cognitive biases.,Psychology,psychology;decision-making;behavioral-economics,Shelf C1,2023-01-15,17.00
The Psychology of Money,"Timeless lessons on wealth, greed, and happiness",Morgan Housel,9780857197689,Harriman House,2020,English,256,Nineteen short stories exploring the strange ways people think about money and risk.,Business,finance;psychology;investing;favorite,Shelf C1,2023-01-15,19.99
Deep Work,Rules for Focused Success in a Distracted World,Cal Newport,9781455586691,Grand Central Publishing,2016,English,304,Cultivating intense concentration to master complicated information and produce better results in less time.,Self-Help,focus;productivity;career,Shelf C1,2023-01-15,16.00
Meditations,,Marcus Aurelius,9780812968255,Modern Library,180,English,256,"The private journal and Stoic reflections of Roman Emperor Marcus Aurelius on duty, reason, and mortality.",Philosophy,stoicism;ancient;wisdom;favorite,Shelf C2,2023-01-15,12.00
Letters from a Stoic,Epistulae Morales ad Lucilium,Seneca,9780140442106,Penguin Classics,65,English,256,"Seneca's timeless philosophical essays on friendship, wealth, aging, virtue, and grief.",Philosophy,stoicism;philosophy;classic,Shelf C2,2023-01-15,14.00
Man's Search for Meaning,,Viktor E. Frankl,9780807014295,Beacon Press,1946,English,165,Psychiatrist Viktor Frankl's memoir of surviving Nazi concentration camps and developing logotherapy.,Psychology,memoir;meaning;resilience;classic,Shelf C2,2023-01-15,13.00
The Body Keeps the Score,"Brain, Mind, and Body in the Healing of Trauma",Bessel van der Kolk,9780143127741,Penguin Books,2014,English,464,"Groundbreaking research on how psychological trauma reshapes body and brain, and pathways to recovery.",Psychology,neuroscience;trauma;health,Shelf C2,2023-01-15,19.00
Sapiens,A Brief History of Humankind,Yuval Noah Harari,9780062316097,Harper,2015,English,443,"Explores how cognitive, agricultural, and scientific revolutions shaped humankind from prehistory to modernity.",History,anthropology;evolution;bestseller;favorite,Shelf C3,2023-01-15,22.00
Homo Deus,A Brief History of Tomorrow,Yuval Noah Harari,9780062464316,Harper,2017,English,448,"An investigation of future projects, technology, AI, and biotechnology facing 21st-century humanity.",History,futurism;ai;philosophy,Shelf C3,2023-01-15,21.00
Zero to One,"Notes on Startups, or How to Build the Future",Peter Thiel;Blake Masters,9780804139298,Crown Business,2014,English,224,"Contrarian philosophies on startup innovation, monopoly creation, and technological progress.",Business,startups;entrepreneurship;strategy,Shelf C3,2023-01-15,18.00
Shoe Dog,A Memoir by the Creator of Nike,Phil Knight,9781501135910,Scribner,2016,English,400,Phil Knight shares the candid journey of founding Nike from selling imported shoes from his car trunk.,Biography,memoir;business;inspiration;favorite,Shelf C3,2023-01-15,19.00
Principles: Life and Work,,Ray Dalio,9781501124020,Simon & Schuster,2017,English,592,Bridgewater founder Ray Dalio shares the decision-making rules that guided his life and career.,Business,management;decision-making;investing,Shelf C4,2023-01-15,24.00
The Black Swan,The Impact of the Highly Improbable,Nassim Nicholas Taleb,9781400063512,Random House,2007,English,400,"A study of high-impact, rare, and unpredictable events and our blindness to extreme randomness.",Philosophy,probability;risk;finance,Shelf C4,2023-01-15,18.00
Antifragile,Things That Gain from Disorder,Nassim Nicholas Taleb,9781400067824,Random House,2012,English,544,"How certain systems, businesses, and people thrive under stress, volatility, and uncertainty.",Philosophy,resilience;philosophy;systems,Shelf C4,2023-01-15,20.00
Cosmos,,Carl Sagan,9780345539434,Ballantine Books,1980,English,384,"An inspiring journey exploring science, history, cosmic evolution, and humanity's place in the universe.",Science,astronomy;science;classic;favorite,Shelf C4,2023-01-15,18.00
A Short History of Nearly Everything,,Bill Bryson,9780767908184,Broadway Books,2003,English,544,"A delightful and witty tour of physics, chemistry, paleontology, and astronomy.",Science,science;history;accessible,Shelf C5,2023-01-15,17.00
Steve Jobs,,Walter Isaacson,9781451648539,Simon & Schuster,2011,English,656,The riveting biography of the creative entrepreneur whose passion revolutionized six industries.,Biography,apple;technology;biography,Shelf C5,2023-01-15,20.00
Educated,A Memoir,Tara Westover,9780399590504,Random House,2018,English,352,An unforgettable memoir about growing up isolated in rural Idaho and pursuing education at Harvard and Cambridge.,Biography,memoir;education;bestseller,Shelf C5,2023-01-15,18.00
The Silk Roads,A New History of the World,Peter Frankopan,9781101912379,Vintage,2015,English,656,"A major reassessment of world history centering trade, culture, and power along the Eurasian Silk Road.",History,central-asia;trade;global-history;favorite,Shelf C5,2023-01-15,21.00
O'tkan Kunlar,Tarixiy Roman,Abdulla Qodiriy,9789943270473,Sharq,1926,O'zbek,416,Otabek va Kumushbibi fojiaviy muhabbati va 19-asr Qo'qon xonligidagi ijtimoiy-siyosiy hayot.,Classics,uzbek;tarixiy;must-read;classic,Shelf D1,2023-01-15,12.00
Mehrobdan Chayon,,Abdulla Qodiriy,9789943270480,Sharq,1928,O'zbek,336,"Xudoyorxon davridagi saroy fitnalari, adolat va sevgi to'g'risidagi mashhur o'zbek romani.",Classics,uzbek;tarixiy;classic,Shelf D1,2023-01-15,10.00
Kecha va Kunduz,,Abdulhamid Cho'lpon,9789943270497,Sharq,1936,O'zbek,320,Zebi va Miryoqub taqdiri orqali o'zbek ayollarining fojiasi va erk sari intilishlar tasviri.,Classics,uzbek;jadid;classic,Shelf D1,2023-01-15,11.50
Yulduzli Tunlar,Bobur,Pirimqul Qodirov,9789943270503,Sharq,1978,O'zbek,544,"Zahiriddin Muhammad Boburning hayoti, shohlik va shoirlik mashaqqatlari aks etgan tarixiy asar.",History,bobur;tarixiy;epic;favorite,Shelf D1,2023-01-15,15.00
Boburnoma,Vaqoye,Zahiriddin Muhammad Bobur,9789943270510,O'zbekiston,1530,O'zbek,608,"Boburning o'z qo'li bilan yozgan buyuk tarixiy, adabiy va jo'g'rofiy xotiralar to'plami.",History,manba;memuar;jahon-merosi,Shelf D2,2023-01-15,18.00
Shum Bola,Qissa,G'afur G'ulom,9789943270527,G'afur G'ulom,1936,O'zbek,160,"Zamondosh o'zbek bolasi qismati, sarguzashtlari va boy xalqona hajviyasi aks etgan qissa.",Humor,hajv;sarguzasht;bolalar,Shelf D2,2023-01-15,7.50
Ikki Eshik Orasi,Roman,O'tkir Hoshimov,9789943270534,Sharq,1986,O'zbek,576,"Ikkinchi jahon urushi va undan keyingi davrdagi insoniy munosabatlar, mehr-oqibat va sadoqat.",Fiction,uzbek;urush;drama;favorite,Shelf D2,2023-01-15,13.00
Dunyoning Ishlari,Qissalar,O'tkir Hoshimov,9789943270541,Sharq,1982,O'zbek,288,"Ona haqidagi eng ta'sirchan, samimiy va samoviy mehr bilan sug'orilgan xotiralar.",Memoir,ona;xotiralar;tarbiya,Shelf D2,2023-01-15,9.00
The Silmarillion,,J.R.R. Tolkien,9780345325815,Standard Publishing,1977,English,365,"The mythological origins of Middle-earth, the creation of Arda, and the wars of the First Age.",Fantasy,fantasy;recommended,Shelf F1,2023-01-15,22.00
The Children of Húrin,,J.R.R. Tolkien,9780547044841,Standard Publishing,2007,English,313,The tragic tale of Túrin Turambar and his sister Nienor cursed by Morgoth.,Fantasy,fantasy;recommended,Shelf F1,2023-01-15,22.00
The Alchemist,,Paulo Coelho,9780062315007,Standard Publishing,1988,English,208,"Santiago, an Andalusian shepherd boy, journeys to the Egyptian pyramids in search of a treasure.",Fiction,fiction;recommended,Shelf F2,2023-01-15,23.99
Life of Pi,,Yann Martel,9780156027328,Standard Publishing,2001,English,319,A young Indian boy survives 227 days on a lifeboat in the Pacific with a Bengal tiger.,Fiction,fiction;recommended,Shelf F6,2023-01-15,12.00
The Kite Runner,,Khaled Hosseini,9781594631931,Standard Publishing,2003,English,371,The unforgettable story of friendship and redemption against the backdrop of Afghanistan's history.,Fiction,fiction;recommended,Shelf F3,2023-01-15,19.99
A Thousand Splendid Suns,,Khaled Hosseini,9781594489501,Standard Publishing,2007,English,372,A chronicle of thirty years of Afghan history through the lives of two resilient women.,Fiction,fiction;recommended,Shelf F6,2023-01-15,36.00
Norwegian Wood,,Haruki Murakami,9780375704024,Standard Publishing,1987,English,296,"A nostalgic story of loss, sexuality, and collegiate life in 1960s Tokyo.",Fiction,fiction;recommended,Shelf F1,2023-01-15,12.00
Kafka on the Shore,,Haruki Murakami,9781400079278,Standard Publishing,2002,English,467,Kafka Tamura runs away from home while elderly Nakata searches for lost cats.,Fiction,fiction;recommended;epic,Shelf F6,2023-01-15,28.00
1Q84,,Haruki Murakami,9780307593313,Standard Publishing,2009,English,925,Aomame and Tengo find themselves in an alternate reality with two moons in 1984 Tokyo.,Fiction,fiction;recommended;epic,Shelf F3,2023-01-15,25.50
The Wind-Up Bird Chronicle,,Haruki Murakami,9780679775430,Standard Publishing,1994,English,607,Toru Okada searches for his wife's missing cat in suburban Tokyo and stumbles into dark secrets.,Fiction,fiction;recommended;epic,Shelf F1,2023-01-15,22.00
Never Let Me Go,,Kazuo Ishiguro,9781400078776,Standard Publishing,2005,English,288,"Kathy, Ruth, and Tommy grow up at Hailsham boarding school unaware of their true cloned destiny.",Sci-Fi,sci-fi;recommended,Shelf S6,2023-01-15,16.50
The Remains of the Day,,Kazuo Ishiguro,9780679731726,Standard Publishing,1989,English,245,"An aging English butler reflects on duty, dignity, and missed love after World War II.",Classics,classics;recommended,Shelf C5,2023-01-15,26.50
Klara and the Sun,,Kazuo Ishiguro,9780593318171,Standard Publishing,2021,English,303,An Artificial Friend named Klara observes human affection and illness with unyielding hope.,Sci-Fi,sci-fi;recommended,Shelf S2,2023-01-15,39.00
Good Omens,,Neil Gaiman;Terry Pratchett,9780060853983,Standard Publishing,1990,English,432,An angel and a demon who enjoy life on Earth join forces to prevent the apocalypse.,Fantasy,fantasy;recommended;epic,Shelf F4,2023-01-15,18.50
American Gods,,Neil Gaiman,9780380789030,Standard Publishing,2001,English,635,Shadow Moon is released from prison and hired as a bodyguard for the mysterious Mr. Wednesday.,Fantasy,fantasy;recommended;epic,Shelf F4,2023-01-15,14.99
Coraline,,Neil Gaiman,9780380807345,Standard Publishing,2002,English,162,Coraline discovers a secret door leading to an alternate home and a creepy Other Mother.,Fantasy,fantasy;recommended,Shelf F4,2023-01-15,9.99
Stardust,,Neil Gaiman,9780061142024,Standard Publishing,1999,English,256,Tristran Thorn promises to retrieve a fallen star from Faerie to win the heart of his love.,Fantasy,fantasy;recommended,Shelf F4,2023-01-15,43.99
The Ocean at the End of the Lane,,Neil Gaiman,9780062255655,Standard Publishing,2013,English,181,A man returns to his childhood home and remembers forgotten supernatural encounters.,Fantasy,fantasy;recommended,Shelf F2,2023-01-15,14.50
The Color Purple,,Alice Walker,9780143135692,Standard Publishing,1982,English,304,Celie chronicles her life and survival through epistolary letters to God in rural Georgia.,Classics,classics;recommended,Shelf C3,2023-01-15,33.50
Beloved,,Toni Morrison,9781400033416,Standard Publishing,1987,English,324,"Sethe escapes enslavement to Ohio, haunted by the ghost of her deceased daughter.",Classics,classics;recommended,Shelf C4,2023-01-15,11.50
Song of Solomon,,Toni Morrison,9781400033423,Standard Publishing,1977,English,337,Milkman Dead embarks on a quest to discover his heritage and identity in Michigan.,Classics,classics;recommended,Shelf C5,2023-01-15,21.00
Invisible Man,,Ralph Ellison,9780679732761,Standard Publishing,1952,English,581,An unnamed African American narrator navigates alienation and invisibility in 20th-century America.,Classics,classics;recommended;epic,Shelf C6,2023-01-15,27.00
Things Fall Apart,,Chinua Achebe,9780385474542,Standard Publishing,1958,English,209,"Okonkwo, an Igbo leader and local wrestling champion, witnesses European colonialism in Nigeria.",Classics,classics;recommended,Shelf C3,2023-01-15,14.99
The Road,,Cormac McCarthy,9780307387899,Standard Publishing,2006,English,287,A father and young son walk alone through burned post-apocalyptic America toward the coast.,Fiction,fiction;recommended,Shelf F6,2023-01-15,24.50
Blood Meridian,,Cormac McCarthy,9780679728757,Standard Publishing,1985,English,337,The Kid runs with the Glanton gang along the Texas-Mexico border in a brutal epic western.,Classics,classics;recommended,Shelf C3,2023-01-15,15.50
No Country for Old Men,,Cormac McCarthy,9780307387134,Standard Publishing,2005,English,309,Llewelyn Moss discovers drug money in Texas and is relentlessly hunted by killer Anton Chigurh.,Thriller,thriller;recommended,Shelf T4,2023-01-15,12.00
All the Pretty Horses,,Cormac McCarthy,9780679744399,Standard Publishing,1992,English,302,John Grady Cole rides south to Mexico in 1949 to work as a cowboy and finds romance.,Fiction,fiction;recommended,Shelf F4,2023-01-15,14.00
The Handmaid's Tale,,Margaret Atwood,9780385490818,Standard Publishing,1985,English,311,Offred navigates the totalitarian Republic of Gilead where fertile women are forced into reproductive servitude.,Sci-Fi,sci-fi;recommended,Shelf S5,2023-01-15,22.99
Oryx and Crake,,Margaret Atwood,9780385721677,Standard Publishing,2003,English,376,Snowman mourns the loss of his friend Crake and the bioengineered collapse of global civilization.,Sci-Fi,sci-fi;recommended,Shelf S6,2023-01-15,30.50
Alias Grace,,Margaret Atwood,9780385490443,Standard Publishing,1996,English,468,A psychological historical novel examining the controversial 1843 murders of Thomas Kinnear.,History,history;recommended;epic,Shelf H6,2023-01-15,39.99
The Blind Assassin,,Margaret Atwood,9780385720953,Standard Publishing,2000,English,521,Iris Chase Griffen recounts her sister Laura's mysterious suicide in 1945 Ontario.,Fiction,fiction;recommended;epic,Shelf F2,2023-01-15,28.50
Circe,,Madeline Miller,9780316556347,Standard Publishing,2018,English,393,The mythological goddess Circe discovers her witchcraft on the isolated island of Aiaia.,Mythology,mythology;recommended,Shelf M4,2023-01-15,31.00
The Song of Achilles,,Madeline Miller,9780062060624,Standard Publishing,2011,English,378,Patroclus and the legendary hero Achilles forge an unbreakable bond before the Trojan War.,Mythology,mythology;recommended,Shelf M6,2023-01-15,43.50
The Underground Railroad,,Colson Whitehead,9780385542364,Standard Publishing,2016,English,306,Cora escapes a Georgia plantation via a literal subterranean railroad system.,History,history;recommended,Shelf H1,2023-01-15,9.00
The Nickel Boys,,Colson Whitehead,9780385537070,Standard Publishing,2019,English,224,Elwood Curtis is sentenced to the brutal Dozier School for Boys in Jim Crow-era Florida.,History,history;recommended,Shelf H1,2023-01-15,41.50
Station Eleven,,Emily St. John Mandel,9780385353304,Standard Publishing,2014,English,333,A nomadic troupe of actors and musicians performs Shakespeare in the Great Lakes region after a flu pandemic.,Sci-Fi,sci-fi;recommended,Shelf S2,2023-01-15,9.99
Sea of Tranquility,,Emily St. John Mandel,9780593321447,Standard Publishing,2022,English,255,"A time-traveling detective investigates anomalies across Vancouver Island, New York, and moon colonies.",Sci-Fi,sci-fi;recommended,Shelf S1,2023-01-15,22.50
Piranesi,,Susanna Clarke,9781635575637,Standard Publishing,2020,English,245,Piranesi lives in a vast labyrinth of infinite halls containing an ocean with surging tides.,Fantasy,fantasy;recommended,Shelf F4,2023-01-15,16.50
Jonathan Strange & Mr Norrell,,Susanna Clarke,9780765356154,Standard Publishing,2004,English,1006,Two magicians restore practical English magic in nineteenth-century England.,Fantasy,fantasy;recommended;epic,Shelf F6,2023-01-15,29.00
A Gentleman in Moscow,,Amor Towles,9780143110439,Standard Publishing,2016,English,462,Count Alexander Rostov is sentenced by a Bolshevik tribunal to spend his life in Hotel Metropol.,Fiction,fiction;recommended;epic,Shelf F4,2023-01-15,27.50
Rules of Civility,,Amor Towles,9780143121169,Standard Publishing,2011,English,335,Katey Kontent navigates 1938 Manhattan high society after an unexpected New Year's Eve encounter.,Fiction,fiction;recommended,Shelf F2,2023-01-15,13.99
The Lincoln Highway,,Amor Towles,9780735222359,Standard Publishing,2021,English,576,Eighteen-year-old Emmett Watson plans to start a new life in California in June 1954.,Fiction,fiction;recommended;epic,Shelf F2,2023-01-15,21.50
Pachinko,,Min Jin Lee,9781455563937,Standard Publishing,2017,English,496,An epic four-generation saga of a Korean family living in Japan facing discrimination.,History,history;recommended;epic,Shelf H1,2023-01-15,15.99
Free Food for Millionaires,,Min Jin Lee,9780446581080,Standard Publishing,2007,English,562,"Casey Han navigates Wall Street ambitions, Korean heritage, and Manhattan glamour.",Fiction,fiction;recommended;epic,Shelf F4,2023-01-15,33.50
All the Light We Cannot See,,Anthony Doerr,9781501173219,Standard Publishing,2014,English,531,A blind French girl and a German radio engineer's paths collide in occupied Saint-Malo.,History,history;recommended;epic,Shelf H3,2023-01-15,26.50
Cloud Cuckoo Land,,Anthony Doerr,9781982168438,Standard Publishing,2021,English,626,"Five characters across Constantinople, Idaho, and an interstellar ship are united by an ancient Greek story.",Fiction,fiction;recommended;epic,Shelf F1,2023-01-15,13.99
Cloud Atlas,,David Mitchell,9780375507250,Standard Publishing,2004,English,509,Six nested stories spanning the 19th-century South Pacific to a post-apocalyptic future.,Sci-Fi,sci-fi;recommended;epic,Shelf S6,2023-01-15,22.00
The Bone Clocks,,David Mitchell,9780812992922,Standard Publishing,2014,English,624,Holly Sykes is caught in a secret war between the immortal Horology and the soul-consuming Anchorites.,Fantasy,fantasy;recommended;epic,Shelf F3,2023-01-15,40.50
Midnight's Children,,Salman Rushdie,9780812976533,Standard Publishing,1981,English,533,Saleem Sinai is born at the midnight stroke of India's independence with telepathic powers.,Classics,classics;recommended;epic,Shelf C1,2023-01-15,45.00
The Satanic Verses,,Salman Rushdie,9780812976717,Standard Publishing,1988,English,547,Gibreel Farishta and Saladin Chamcha survive an exploding aircraft over the English Channel.,Fiction,fiction;recommended;epic,Shelf F4,2023-01-15,10.00
The Goldfinch,,Donna Tartt,9780316055437,Standard Publishing,2013,English,771,Theo Decker survives a museum bombing and clings to a small 1654 painting by Carel Fabritius.,Fiction,fiction;recommended;epic,Shelf F6,2023-01-15,30.00
The Secret History,,Donna Tartt,9781400031702,Standard Publishing,1992,English,559,A clique of six eccentric classics students at a Vermont college descend into betrayal and murder.,Mystery,mystery;recommended;epic,Shelf M5,2023-01-15,10.99
The Little Friend,,Donna Tartt,9781400031696,Standard Publishing,2002,English,624,Twelve-year-old Harriet Cleve Dufresnes seeks to avenge her brother's unsolved murder in Mississippi.,Mystery,mystery;recommended;epic,Shelf M2,2023-01-15,9.99
Normal People,,Sally Rooney,9781984822178,Standard Publishing,2018,English,273,Connell and Marianne weave in and out of each other's romantic lives from school to Trinity College.,Fiction,fiction;recommended,Shelf F4,2023-01-15,23.00
Conversations with Friends,,Sally Rooney,9780451499059,Standard Publishing,2017,English,304,Frances and Bobbi become entangled with an older married couple in Dublin's literary scene.,Fiction,fiction;recommended,Shelf F6,2023-01-15,42.00
"Beautiful World, Where Are You",,Sally Rooney,9780374602604,Standard Publishing,2021,English,356,"Alice, Felix, Eileen, and Simon navigate desire, friendship, and vulnerability in modern Ireland.",Fiction,fiction;recommended,Shelf F2,2023-01-15,9.99
"Tomorrow, and Tomorrow, and Tomorrow",,Gabrielle Zevin,9780593321201,Standard Publishing,2022,English,401,Sam and Sadie create legendary video games while navigating creative partnership and heartbreak.,Fiction,fiction;recommended;epic,Shelf F1,2023-01-15,27.50
Shuggie Bain,,Douglas Stuart,9780802148049,Standard Publishing,2020,English,430,A young boy grows up in 1980s Glasgow supporting his mother through poverty and alcoholism.,Fiction,fiction;recommended;epic,Shelf F4,2023-01-15,43.99
Young Mungo,,Douglas Stuart,9780802159557,Standard Publishing,2022,English,390,"Two young men, one Protestant and one Catholic, fall in love in post-industrial Glasgow.",Fiction,fiction;recommended,Shelf F1,2023-01-15,39.00
A Little Life,,Hanya Yanagihara,9780804172707,Standard Publishing,2015,English,720,"Four college classmates move to New York, centered around Jude St. Francis's mysterious past trauma.",Fiction,fiction;recommended;epic,Shelf F2,2023-01-15,37.00
The People in the Trees,,Hanya Yanagihara,9780345805300,Standard Publishing,2013,English,384,A scientist discovers an isolated Micronesian island tribe whose meat grants near-immortality.,Fiction,fiction;recommended,Shelf F3,2023-01-15,33.50
Demon Copperhead,,Barbara Kingsolver,9780063251922,Standard Publishing,2022,English,548,"A modern Appalachian retelling of David Copperfield navigating foster care, addiction, and love.",Fiction,fiction;recommended;epic,Shelf F6,2023-01-15,42.00
The Poisonwood Bible,,Barbara Kingsolver,9780060786502,Standard Publishing,1998,English,546,An evangelical Baptist minister takes his family to the Belgian Congo on a perilous mission.,Classics,classics;recommended;epic,Shelf C1,2023-01-15,26.50
Flight Behavior,,Barbara Kingsolver,9780062124272,Standard Publishing,2012,English,436,A Tennessee farmwife discovers millions of monarch butterflies roosting in her valley.,Fiction,fiction;recommended;epic,Shelf F5,2023-01-15,17.99
The Overstory,,Richard Powers,9780393635522,Standard Publishing,2018,English,512,Nine distinct Americans are summoned together by trees to fight the destruction of virgin forests.,Fiction,fiction;recommended;epic,Shelf F4,2023-01-15,9.00
Bewilderment,,Richard Powers,9780393881141,Standard Publishing,2021,English,278,An astrobiologist treats his neurodivergent son with experimental neural feedback based on the boy's late mother.,Sci-Fi,sci-fi;recommended,Shelf S6,2023-01-15,26.50
Trust,,Hernan Diaz,9780593420317,Standard Publishing,2022,English,416,Four competing narratives dissect the immense wealth and deception of a 1920s Wall Street financier.,History,history;recommended;epic,Shelf H3,2023-01-15,25.99
In the Distance,,Hernan Diaz,9781566894883,Standard Publishing,2017,English,256,A young Swedish immigrant travels across 19th-century America in search of his lost brother.,History,history;recommended,Shelf H3,2023-01-15,37.00
Lonesome Dove,,Larry McMurtry,9781476748382,Standard Publishing,1985,English,843,Two retired Texas Rangers drive a herd of cattle from the Rio Grande to Montana.,Adventure,adventure;recommended;epic,Shelf A5,2023-01-15,14.99
The Pillars of the Earth,,Ken Follett,9780451166890,Standard Publishing,1989,English,973,The building of a majestic Gothic cathedral in the 12th-century English town of Kingsbridge.,History,history;recommended;epic,Shelf H1,2023-01-15,37.99
World Without End,,Ken Follett,9780451224996,Standard Publishing,2007,English,1014,"Two centuries after the cathedral, Kingsbridge is torn apart by the Black Death and the Hundred Years' War.",History,history;recommended;epic,Shelf H4,2023-01-15,15.00
Shōgun,,James Clavell,9780440178002,Standard Publishing,1975,English,1152,English navigator John Blackthorne is shipwrecked in feudal Japan amidst Lord Toranaga's rise.,History,history;recommended;epic,Shelf H4,2023-01-15,16.50
Tai-Pan,,James Clavell,9780440184621,Standard Publishing,1966,English,734,Dirk Struan fights rival trading companies in 1841 Hong Kong to build a commercial empire.,History,history;recommended;epic,Shelf H3,2023-01-15,40.99
"Guns, Germs, and Steel",,Jared Diamond,9780393317558,Standard Publishing,1997,English,480,"The fates of human societies explained through geographic, ecological, and environmental advantages.",History,history;recommended;epic,Shelf H4,2023-01-15,22.99
Collapse,,Jared Diamond,9780143036555,Standard Publishing,2005,English,575,How societies choose to fail or survive based on environmental impact and climate change.,Science,science;recommended;epic,Shelf S1,2023-01-15,25.00
The Selfish Gene,,Richard Dawkins,9780199291151,Standard Publishing,1976,English,360,"Evolutionary biology viewed from the gene's perspective, introducing the concept of the meme.",Science,science;recommended,Shelf S5,2023-01-15,25.99
The Gene: An Intimate History,,Siddhartha Mukherjee,9781476733500,Standard Publishing,2016,English,592,The history of genetics from Mendel and Darwin to modern CRISPR gene editing.,Science,science;recommended;epic,Shelf S6,2023-01-15,10.99
The Emperor of All Maladies,,Siddhartha Mukherjee,9781439170915,Standard Publishing,2010,English,571,"A biography of cancer: centuries of struggle, clinical breakthroughs, and the quest for a cure.",Science,science;recommended;epic,Shelf S2,2023-01-15,45.99
Astrophysics for People in a Hurry,,Neil deGrasse Tyson,9780393609394,Standard Publishing,2017,English,224,"A quick, witty primer on black holes, quantum mechanics, dark matter, and cosmic origin.",Science,science;recommended,Shelf S3,2023-01-15,39.99
Thinking in Systems,,Donella H. Meadows,9781603580557,Standard Publishing,2008,English,240,"A primer on systems thinking, feedback loops, leverage points, and avoiding policy resistance.",Business,business;recommended,Shelf B6,2023-01-15,42.00
Influence,,Robert B. Cialdini,9780061241895,Standard Publishing,2006,English,320,"The six psychological principles of persuasion: reciprocity, commitment, social proof, authority, liking, and scarcity.",Psychology,psychology;recommended,Shelf P4,2023-01-15,17.00
Never Split the Difference,,Chris Voss;Tahl Raz,9780062407801,Standard Publishing,2016,English,288,A former FBI international hostage negotiator reveals actionable strategies for high-stakes negotiation.,Business,business;recommended,Shelf B2,2023-01-15,39.00
Start with Why,,Simon Sinek,9781591846444,Standard Publishing,2009,English,256,How great leaders inspire action by focusing on their core purpose and fundamental belief.,Business,business;recommended,Shelf B3,2023-01-15,21.50
Good to Great,,Jim Collins,9780066620992,Standard Publishing,2001,English,300,"Why some companies make the leap to superior performance and others fail, based on 5-year empirical research.",Business,business;recommended,Shelf B6,2023-01-15,25.99
The Lean Startup,,Eric Ries,9780307887894,Standard Publishing,2011,English,336,"Continuous innovation, MVP testing, and validated learning for entrepreneurial ventures.",Business,business;recommended,Shelf B3,2023-01-15,16.50
The Hard Thing About Hard Things,,Ben Horowitz,9780062273208,Standard Publishing,2014,English,304,A16z cofounder Ben Horowitz offers realistic advice on building and running a startup through crises.,Business,business;recommended,Shelf B5,2023-01-15,16.50
High Output Management,,Andrew S. Grove,9780679762881,Standard Publishing,1995,English,272,"Intel's legendary CEO Andrew Grove explains managerial leverage, meetings, output, and motivation.",Business,business;recommended,Shelf B5,2023-01-15,36.00
Rework,,Jason Fried;David Heinemeier Hansson,9780307463746,Standard Publishing,2010,English,288,"Basecamp founders explain a better, faster, easier way to succeed in business without traditional red tape.",Business,business;recommended,Shelf B2,2023-01-15,29.00
Essentialism,,Greg McKeown,9780804137386,Standard Publishing,2014,English,272,The disciplined pursuit of less: doing only what is vital to make your highest possible contribution.,Self-Help,self-help;recommended,Shelf S1,2023-01-15,24.50
The Power of Habit,,Charles Duhigg,9780812981605,Standard Publishing,2012,English,371,"Why habits exist, the cue-routine-reward loop, and how they can be changed in life and business.",Psychology,psychology;recommended,Shelf P2,2023-01-15,38.00
Quiet,,Susan Cain,9780307352156,Standard Publishing,2012,English,352,"The power of introverts in a world that can't stop talking, and why reflective thinkers excel.",Psychology,psychology;recommended,Shelf P4,2023-01-15,23.99
Grit,,Angela Duckworth,9781501111105,Standard Publishing,2016,English,352,Why passion and long-term perseverance matter more than talent for outstanding achievement.,Psychology,psychology;recommended,Shelf P2,2023-01-15,40.00
Mindset,,Carol S. Dweck,9780345472327,Standard Publishing,2006,English,288,The new psychology of success: how fixed versus growth mindset transforms learning and relationships.,Psychology,psychology;recommended,Shelf P3,2023-01-15,10.00
Flow,,Mihaly Csikszentmihalyi,9780061339202,Standard Publishing,1990,English,303,The psychology of optimal experience and achieving state of total engagement in activities.,Psychology,psychology;recommended,Shelf P2,2023-01-15,17.99
The Art of War,,Sun Tzu,9781590302255,Standard Publishing,-500,English,112,"Ancient military treatise attributed to Sun Tzu, with timeless insights on strategy and conflict.",Philosophy,philosophy;recommended;classic,Shelf P2,2023-01-15,25.00
The Prince,,Niccolò Machiavelli,9780140449150,Standard Publishing,1532,English,140,"Political treatise on power acquisition, statecraft, pragmatism, and maintaining control.",Philosophy,philosophy;recommended;classic,Shelf P6,2023-01-15,32.00
Beyond Good and Evil,,Friedrich Nietzsche,9780140449235,Standard Publishing,1886,English,240,"Nietzsche's critique of traditional morality, truth, and philosophical dogmatism.",Philosophy,philosophy;recommended;classic,Shelf P1,2023-01-15,29.00
Thus Spoke Zarathustra,,Friedrich Nietzsche,9780140441185,Standard Publishing,1883,English,352,"Philosophical novel introducing the Übermensch, eternal recurrence, and the will to power.",Philosophy,philosophy;recommended;classic,Shelf P6,2023-01-15,37.50
The Republic,,Plato,9780140455113,Standard Publishing,-375,English,416,"Plato's foundational dialogue on justice, the philosopher king, and the ideal city-state.",Philosophy,philosophy;recommended;epic;classic,Shelf P3,2023-01-15,26.00
Nicomachean Ethics,,Aristotle,9780140449495,Standard Publishing,-350,English,384,"Aristotle's inquiry into the nature of the good life, virtues, and eudaimonia.",Philosophy,philosophy;recommended;classic,Shelf P3,2023-01-15,29.00
Critique of Pure Reason,,Immanuel Kant,9780521657297,Standard Publishing,1781,English,784,Kant's synthesis of rationalism and empiricism examining the limits of human cognition.,Philosophy,philosophy;recommended;epic;classic,Shelf P5,2023-01-15,19.00
Being and Time,,Martin Heidegger,9780631197706,Standard Publishing,1927,English,589,Fundamental existential ontology analyzing the meaning of Being and Dasein.,Philosophy,philosophy;recommended;epic;classic,Shelf P1,2023-01-15,12.00
Discourses and Selected Writings,,Epictetus,9780140449464,Standard Publishing,108,English,320,"Stoic teachings on what is within our control versus what is not, and finding serenity.",Philosophy,philosophy;recommended;classic,Shelf P5,2023-01-15,41.00
The Obstacle Is the Way,,Ryan Holiday,9781591846352,Standard Publishing,2014,English,224,Applying ancient Stoic philosophy to turn trials and challenges into personal triumphs.,Self-Help,self-help;recommended,Shelf S1,2023-01-15,18.50
Ego Is the Enemy,,Ryan Holiday,9781591847816,Standard Publishing,2016,English,256,"How ego sabotages success, prevents learning, and how humility sustains achievement.",Self-Help,self-help;recommended,Shelf S5,2023-01-15,33.99
Stillness Is the Key,,Ryan Holiday,9780525538585,Standard Publishing,2019,English,288,Drawing on Stoic and Buddhist wisdom on tranquility as the secret to focus and peace.,Self-Help,self-help;recommended,Shelf S2,2023-01-15,40.50
Drive,,Daniel H. Pink,9781594484803,Standard Publishing,2009,English,256,"The surprising truth about what motivates us: autonomy, mastery, and purpose.",Business,business;recommended,Shelf B4,2023-01-15,33.99
When,,Daniel H. Pink,9780735210622,Standard Publishing,2018,English,272,"The scientific secrets of perfect timing in health, productivity, and decision-making.",Self-Help,self-help;recommended,Shelf S1,2023-01-15,12.00
To Sell Is Human,,Daniel H. Pink,9781594631900,Standard Publishing,2012,English,272,The surprising truth about moving others in work and everyday life.,Business,business;recommended,Shelf B2,2023-01-15,44.00
Predictably Irrational,,Dan Ariely,9780061353246,Standard Publishing,2008,English,384,The hidden forces that shape our everyday decisions and systematically biased choices.,Psychology,psychology;recommended,Shelf P6,2023-01-15,22.50
The Power of Now,,Eckhart Tolle,9781577314806,Standard Publishing,1997,English,236,A guide to spiritual enlightenment and living fully in the present moment.,Self-Help,self-help;recommended,Shelf S6,2023-01-15,16.50
A New Earth,,Eckhart Tolle,9780452289963,Standard Publishing,2005,English,336,Awakening to your life's purpose and transcending ego-based states of consciousness.,Self-Help,self-help;recommended,Shelf S2,2023-01-15,9.00
Born a Crime,,Trevor Noah,9780399588198,Standard Publishing,2016,English,304,Trevor Noah's hilarious and moving stories from a South African childhood during apartheid.,Biography,biography;recommended,Shelf B2,2023-01-15,45.00
When Breath Becomes Air,,Paul Kalanithi,9780812988406,Standard Publishing,2016,English,228,Neurosurgeon Paul Kalanithi's profound memoir facing stage IV lung cancer at age thirty-six.,Biography,biography;recommended,Shelf B2,2023-01-15,18.50
Leonardo da Vinci,,Walter Isaacson,9781501139154,Standard Publishing,2017,English,624,An intimate portrait of history's most creative genius and his insatiable curiosity.,Biography,biography;recommended;epic,Shelf B5,2023-01-15,41.99
Einstein,,Walter Isaacson,9780743264747,Standard Publishing,2007,English,704,"The life and universe of Albert Einstein, the rebel patent clerk who redefined physics.",Biography,biography;recommended;epic,Shelf B2,2023-01-15,12.50
Elon Musk,,Walter Isaacson,9781982181284,Standard Publishing,2023,English,688,"The astonishingly intimate story of the controversial innovator behind Tesla, SpaceX, and Neuralink.",Biography,biography;recommended;epic,Shelf B4,2023-01-15,22.50
The Wright Brothers,,David McCullough,9781476728759,Standard Publishing,2015,English,336,The dramatic story of Wilbur and Orville Wright who taught the world how to fly.,Biography,biography;recommended,Shelf B4,2023-01-15,30.00
John Adams,,David McCullough,9780684813639,Standard Publishing,2001,English,751,Pulitzer Prize-winning biography of American founding father and second president John Adams.,Biography,biography;recommended;epic,Shelf B2,2023-01-15,28.99
1776,,David McCullough,9780743226721,Standard Publishing,2005,English,400,The momentous year of the American Revolution and the leadership of George Washington.,History,history;recommended,Shelf H5,2023-01-15,44.99
Team of Rivals,,Doris Kearns Goodwin,9780684824901,Standard Publishing,2005,English,944,Abraham Lincoln's political genius in assembling his cabinet from his fiercest rivals.,Biography,biography;recommended;epic,Shelf B4,2023-01-15,33.99
Leadership in Turbulent Times,,Doris Kearns Goodwin,9781476795928,Standard Publishing,2018,English,496,"How Abraham Lincoln, Theodore Roosevelt, FDR, and Lyndon Johnson developed leadership under fire.",Biography,biography;recommended;epic,Shelf B1,2023-01-15,42.00
The Splendid and the Vile,,Erik Larson,9780385348713,Standard Publishing,2020,English,608,"Winston Churchill, family, and Britain standing resilient during the London Blitz of 1940.",History,history;recommended;epic,Shelf H5,2023-01-15,36.99
The Devil in the White City,,Erik Larson,9780375725609,Standard Publishing,2003,English,447,The 1893 Chicago World's Fair intertwined with serial killer H.H. Holmes' murder castle.,History,history;recommended;epic,Shelf H1,2023-01-15,34.99
In the Garden of Beasts,,Erik Larson,9780307408853,Standard Publishing,2011,English,480,The first American ambassador to Nazi Germany witnesses Hitler's ascent to power in 1933 Berlin.,History,history;recommended;epic,Shelf H4,2023-01-15,20.99
Say Nothing,,Patrick Radden Keefe,9780385521314,Standard Publishing,2019,English,464,"A stunning narrative of murder, memory, and political violence in Northern Ireland during the Troubles.",History,history;recommended;epic,Shelf H1,2023-01-15,41.99
Empire of Pain,,Patrick Radden Keefe,9780385545686,Standard Publishing,2021,English,560,The secret history of the Sackler dynasty and their role in the opioid crisis with OxyContin.,History,history;recommended;epic,Shelf H4,2023-01-15,34.50
Bad Blood,,John Carreyrou,9781524731656,Standard Publishing,2018,English,352,The investigative chronicle of Elizabeth Holmes and the multibillion-dollar fraud of Theranos.,Business,business;recommended,Shelf B4,2023-01-15,31.00
Superintelligence,,Nick Bostrom,9780198739838,Standard Publishing,2014,English,352,"Paths, dangers, and strategies regarding artificial general intelligence and the alignment problem.",Technology,technology;recommended,Shelf T1,2023-01-15,34.00
Life 3.0,,Max Tegmark,9781101946596,Standard Publishing,2017,English,384,MIT professor Max Tegmark explores being human in the age of Artificial Intelligence.,Technology,technology;recommended,Shelf T6,2023-01-15,29.99
The Code Breaker,,Walter Isaacson,9781982115852,Standard Publishing,2021,English,560,"Jennifer Doudna, gene editing with CRISPR, and the future of the human race.",Biography,biography;recommended;epic,Shelf B2,2023-01-15,21.50
Algorithms to Live By,,Brian Christian;Tom Griffiths,9781627790369,Standard Publishing,2016,English,368,How computer science algorithms can be applied to human decision-making and everyday problems.,Technology,technology;recommended,Shelf T4,2023-01-15,20.00
Clean Craftsmanship,,Robert C. Martin,9780136915713,Standard Publishing,2021,English,400,"Disciplines, standards, and ethics for professional software developers and engineers.",Technology,technology;recommended,Shelf T3,2023-01-15,9.50
Domain-Driven Design,,Eric Evans,9780321125217,Standard Publishing,2003,English,560,Tackling complexity in the heart of software through ubiquitous language and bounded contexts.,Technology,technology;recommended;epic,Shelf T2,2023-01-15,34.99
Release It!,,Michael T. Nygard,9781680502398,Standard Publishing,2018,English,398,"Design and deploy production-ready software using circuit breakers, bulkheads, and timeouts.",Technology,technology;recommended,Shelf T4,2023-01-15,9.99
Continuous Delivery,,Jez Humble;David Farley,9780321601919,Standard Publishing,2010,English,512,"Reliable software releases through build, test, and deployment automation pipelines.",Technology,technology;recommended;epic,Shelf T4,2023-01-15,37.50
The DevOps Handbook,,Gene Kim;Jez Humble;Patrick Debois;John Willis,9781942788003,Standard Publishing,2016,English,480,Practical guidance for replicating the technical and management practices of high-performing technology organizations.,Technology,technology;recommended;epic,Shelf T5,2023-01-15,41.50
Accelerate,,Nicole Forsgren;Jez Humble;Gene Kim,9781942788331,Standard Publishing,2018,English,288,Building and scaling high performing technology organizations with empirical DORA research.,Technology,technology;recommended,Shelf T4,2023-01-15,41.99
Working Effectively with Legacy Code,,Michael Feathers,9780131177055,Standard Publishing,2004,English,456,Strategies for modifying legacy applications safely by getting tests in place around existing code.,Technology,technology;recommended;epic,Shelf T1,2023-01-15,22.00
Grokking Machine Learning,,Luis Serrano,9781617295911,Standard Publishing,2021,English,544,An intuitive and visual introduction to machine learning concepts without heavy calculus.,Technology,technology;recommended;epic,Shelf T3,2023-01-15,15.00
Hands-On Machine Learning,,Aurélien Géron,9781098125974,Standard Publishing,2022,English,856,"Practical Machine Learning with Scikit-Learn, Keras, and TensorFlow for end-to-end projects.",Technology,technology;recommended;epic,Shelf T5,2023-01-15,40.99
Kubernetes in Action,,Marko Luksa,9781617293726,Standard Publishing,2017,English,624,"A comprehensive guide to container orchestration, pods, services, ingress, and deployments.",Technology,technology;recommended;epic,Shelf T3,2023-01-15,18.00
High Performance MySQL,,Silvia Botros;Jeremy Tinley,9781492080510,Standard Publishing,2021,English,378,"Optimization, backups, replication, and scaling for modern MySQL production databases.",Technology,technology;recommended,Shelf T1,2023-01-15,16.00
Designing Distributed Systems,,Brendan Burns,9781491983645,Standard Publishing,2018,English,160,"Patterns and paradigms for scalable, reliable services by Kubernetes co-founder Brendan Burns.",Technology,technology;recommended,Shelf T2,2023-01-15,10.99
Microservice Patterns,,Chris Richardson,9781617294549,Standard Publishing,2018,English,520,"Design patterns, transactional messaging (outbox/saga), and decomposing monolithic architectures.",Technology,technology;recommended;epic,Shelf T5,2023-01-15,12.00
Staff Engineer,,Will Larson,9781736417904,Standard Publishing,2021,English,280,"Leadership beyond the management track: archetypes, influence, and impact at scale.",Technology,technology;recommended,Shelf T2,2023-01-15,39.00
An Elegant Puzzle,,Will Larson,9781732265189,Standard Publishing,2019,English,280,"Systems of engineering management: sizing teams, tech debt, reorganizations, and execution.",Technology,technology;recommended,Shelf T6,2023-01-15,10.00
Modern Software Engineering,,David Farley,9780137314911,Standard Publishing,2021,English,256,"Doing what works: iterative learning, modularity, cohesion, and empirical software engineering.",Technology,technology;recommended,Shelf T5,2023-01-15,12.99
The C Programming Language,,Brian W. Kernighan;Dennis M. Ritchie,9780131103627,Standard Publishing,1978,English,272,The definitive guide to ANSI C programming written by the creators.,Technology,technology;recommended,Shelf T5,2023-01-15,13.00
Structure and Interpretation of Classical Mechanics,,Gerald Jay Sussman;Jack Wisdom,9780262028967,Standard Publishing,2015,English,552,Classical mechanics through computer algorithms and symbolic computing.,Science,science;recommended;epic,Shelf S1,2023-01-15,39.00
Calculus,,Michael Spivak,9780914098911,Standard Publishing,2008,English,680,"Rigorous, beautiful theoretical calculus textbook.",Science,science;recommended;epic,Shelf S2,2023-01-15,36.00
Linear Algebra Done Right,,Sheldon Axler,9783319110790,Standard Publishing,2015,English,340,Linear algebra focusing on vector spaces and linear maps before determinants.,Science,science;recommended,Shelf S4,2023-01-15,9.50
"The Art of Computer Programming, Vol. 1",,Donald E. Knuth,9780201896831,Standard Publishing,1997,English,672,"Fundamental algorithms, data structures, and mathematical foundations.",Technology,technology;recommended;epic,Shelf T5,2023-01-15,13.99
"The Art of Computer Programming, Vol. 2",,Donald E. Knuth,9780201896848,Standard Publishing,1997,English,784,"Seminumerical algorithms, random numbers, and arithmetic.",Technology,technology;recommended;epic,Shelf T5,2023-01-15,18.99
"The Art of Computer Programming, Vol. 3",,Donald E. Knuth,9780201896855,Standard Publishing,1998,English,800,"Sorting and searching algorithms, trees, and hashing.",Technology,technology;recommended;epic,Shelf T2,2023-01-15,30.50
Patterns of Enterprise Application Architecture,,Martin Fowler,9780321127426,Standard Publishing,2002,English,560,Classic architectural patterns for enterprise software.,Technology,technology;recommended;epic,Shelf T6,2023-01-15,33.99
Clean Agile,,Robert C. Martin,9780135781869,Standard Publishing,2019,English,240,"Back to basics: true agility, values, and practices.",Technology,technology;recommended,Shelf T1,2023-01-15,24.00
Extreme Programming Explained,,Kent Beck,9780321278654,Standard Publishing,2004,English,224,Embrace change: core values and principles of XP.,Technology,technology;recommended,Shelf T1,2023-01-15,40.99
Test Driven Development: By Example,,Kent Beck,9780321146533,Standard Publishing,2002,English,240,Clean code that works: the red-green-refactor cycle.,Technology,technology;recommended,Shelf T4,2023-01-15,35.99
Effective Java,,Joshua Bloch,9780134685991,Standard Publishing,2017,English,416,Best practices and idioms for the Java platform.,Technology,technology;recommended;epic,Shelf T5,2023-01-15,31.00
Java Concurrency in Practice,,Brian Goetz;Tim Peierls;Joshua Bloch;Joseph Bowbeer;David Holmes;Doug Lea,9780321349606,Standard Publishing,2006,English,432,"Threads, locks, thread safety, and concurrent data structures.",Technology,technology;recommended;epic,Shelf T5,2023-01-15,27.99
Concurrency in Go,,Katherine Cox-Buday,9781491941195,Standard Publishing,2017,English,240,"Goroutines, channels, and synchronization patterns in Go.",Technology,technology;recommended,Shelf T4,2023-01-15,26.00
The Go Programming Language,,Alan A. A. Donovan;Brian W. Kernighan,9780134190440,Standard Publishing,2015,English,400,"The authoritative resource for writing clear, idiomatic Go programs.",Technology,technology;recommended,Shelf T1,2023-01-15,27.00
Programming TypeScript,,Boris Cherny,9781492037651,Standard Publishing,2019,English,324,Making your JavaScript applications scale with TypeScript's type system.,Technology,technology;recommended,Shelf T5,2023-01-15,33.00
Learning React,,Alex Banks;Eve Porcello,9781492051725,Standard Publishing,2020,English,350,"Modern patterns in React, hooks, state management, and component architecture.",Technology,technology;recommended,Shelf T3,2023-01-15,33.99
Fullstack React,,Anthony Accomazzo;Ari Lerner;David Gutman,9781987595291,Standard Publishing,2017,English,600,The complete guide to React and its ecosystem.,Technology,technology;recommended;epic,Shelf T6,2023-01-15,34.99
JavaScript: The Good Parts,,Douglas Crockford,9780596517748,Standard Publishing,2008,English,176,"Unearthing the elegant, expressive subset of JavaScript.",Technology,technology;recommended,Shelf T1,2023-01-15,10.99
Eloquent JavaScript,,Marijn Haverbeke,9781593279509,Standard Publishing,2018,English,472,"A modern introduction to programming with JavaScript, browsers, and Node.js.",Technology,technology;recommended;epic,Shelf T3,2023-01-15,45.99
Cracking the Coding Interview,,Gayle Laakmann McDowell,9780984782857,Standard Publishing,2015,English,708,189 programming questions and solutions for software engineer interviews.,Technology,technology;recommended;epic,Shelf T3,2023-01-15,16.99
System Design Interview,,Alex Xu,9781736049112,Standard Publishing,2020,English,322,An insider's guide to system design interviews for tech roles.,Technology,technology;recommended,Shelf T6,2023-01-15,36.50
System Design Interview – Volume 2,,Alex Xu;Sahn Lam,9781736049129,Standard Publishing,2022,English,448,"Advanced real-world distributed architectures: search engine, digital wallet, stock exchange.",Technology,technology;recommended;epic,Shelf T1,2023-01-15,16.99
Software Engineering at Google,,Titus Winters;Tom Manshreck;Hyrum Wright,9781492082798,Standard Publishing,2020,English,600,"Lessons learned from programming over time, scale, and trade-offs.",Technology,technology;recommended;epic,Shelf T5,2023-01-15,33.50
The Cathedral and the Bazaar,,Eric S. Raymond,9780596001087,Standard Publishing,1999,English,241,Musings on Linux and Open Source by an accidental revolutionary.,Technology,technology;recommended,Shelf T3,2023-01-15,15.99
The Mythical Man-Month,,Frederick P. Brooks Jr.,9780201835953,Standard Publishing,1995,English,322,"Essays on software engineering, team communication, and brook's law.",Technology,technology;recommended,Shelf T4,2023-01-15,40.50
Code: The Hidden Language of Computer Hardware and Software,,Charles Petzold,9780137909100,Standard Publishing,2022,English,480,A brilliant journey from flashlights and relays to modern microprocessors.,Technology,technology;recommended;epic,Shelf T2,2023-01-15,40.99
Masters of Doom,,David Kushner,9780812972153,Standard Publishing,2003,English,368,How two guys created an empire and transformed pop culture with DOOM.,Technology,technology;recommended,Shelf T3,2023-01-15,19.50
Hackers: Heroes of the Computer Revolution,,Steven Levy,9781449388393,Standard Publishing,2010,English,528,The history of the computer revolution from MIT hackers to Steve Wozniak.,Technology,technology;recommended;epic,Shelf T1,2023-01-15,41.00
The Innovators,,Walter Isaacson,9781476708690,Standard Publishing,2014,English,560,"How a group of hackers, geniuses, and geeks created the digital revolution.",History,history;recommended;epic,Shelf H1,2023-01-15,42.99
"Zero Days, Thousands of Nights",,Lillian Ablon;Martin C. Libicki;Andrea A. Golay,9780833087614,Standard Publishing,2014,English,144,The life and times of zero-day vulnerabilities in cybersecurity.,Technology,technology;recommended,Shelf T3,2023-01-15,32.00
Countdown to Zero Day,,Kim Zetter,9780770436179,Standard Publishing,2014,English,448,Stuxnet and the launch of the world's first digital cyber weapon.,Technology,technology;recommended;epic,Shelf T2,2023-01-15,23.00
Ghost in the Wires,,Kevin Mitnick;William L. Simon,9780316037709,Standard Publishing,2011,English,448,My adventures as the world's most wanted hacker.,Biography,biography;recommended;epic,Shelf B4,2023-01-15,17.50
Permanent Record,,Edward Snowden,9781250237231,Standard Publishing,2019,English,352,Edward Snowden's memoir on mass surveillance and digital privacy.,Biography,biography;recommended,Shelf B1,2023-01-15,9.00
Kite Runner (Graphic Novel),,Khaled Hosseini,9781594485466,Standard Publishing,2011,English,136,A graphic novel adaptation of the beloved classic.,Fiction,fiction;recommended,Shelf F5,2023-01-15,11.00
Persepolis,,Marjane Satrapi,9780375714573,Standard Publishing,2003,English,153,The story of a childhood in Iran during the Islamic Revolution.,Classics,classics;recommended,Shelf C6,2023-01-15,26.00
Maus,,Art Spiegelman,9780679406419,Standard Publishing,1991,English,296,A survivor's tale of the Holocaust depicted with animals.,History,history;recommended,Shelf H1,2023-01-15,21.00
Watchmen,,Alan Moore;Dave Gibbons,9781779501127,Standard Publishing,1987,English,416,The groundbreaking deconstruction of the superhero genre.,Classics,classics;recommended;epic,Shelf C1,2023-01-15,37.50
V for Vendetta,,Alan Moore;David Lloyd,9781401208417,Standard Publishing,1989,English,296,A dystopian narrative of rebellion against British fascist regime.,Classics,classics;recommended,Shelf C3,2023-01-15,17.00
The Sandman: Preludes & Nocturnes,,Neil Gaiman,9781401225759,Standard Publishing,1989,English,240,Dream of the Endless escapes seventy years of imprisonment to reclaim his realm.,Fantasy,fantasy;recommended,Shelf F4,2023-01-15,29.00
Batman: The Dark Knight Returns,,Frank Miller,9781563893421,Standard Publishing,1986,English,224,An aging Bruce Wayne comes out of retirement in a dark dystopian Gotham.,Classics,classics;recommended,Shelf C5,2023-01-15,20.99
"Saga, Vol. 1",,Brian K. Vaughan;Fiona Staples,9781607066019,Standard Publishing,2012,English,160,Alana and Marko flee extraterrestrial war to raise their newborn daughter.,Sci-Fi,sci-fi;recommended,Shelf S5,2023-01-15,9.50
